{
  "ext/fragment/PrintPreview.fragment.xml": 1723723349334,
  "ext/controller/DnContoller.controller.js": 1723793525054,
  "manifest.json": 1723794237444,
  "Component.js": 1723344972511,
  "Component-dbg.js": 1723344972511,
  "Component.js.map": 1723794237524,
  "ext/controller/DnContoller-dbg.controller.js": 1723793525054,
  "ext/controller/DnContoller.controller.js.map": 1723794237543,
  "Component-preload.js": 1723794237616,
  "Component-preload.js.map": 1723794237616,
  "ext/fragment/RenderTemplate.fragment.xml": 1723717704360,
  "i18n/i18n.properties": 1723715000221,
  "index.html": 1723344972511
}