{
  "index.html": 1723344972511,
  "ext/controller/DnContoller.controller.js": 1723619927370,
  "manifest.json": 1723620178337,
  "Component.js": 1723344972511,
  "ext/controller/DnContoller-dbg.controller.js": 1723619927370,
  "ext/controller/DnContoller.controller.js.map": 1723620178423,
  "Component-dbg.js": 1723344972511,
  "Component.js.map": 1723620178413,
  "Component-preload.js": 1723620178490,
  "Component-preload.js.map": 1723620178490,
  "ext/fragment/RenderTemplate.fragment.xml": 1723618838124,
  "ext/fragment/PrintPreview.fragment.xml": 1723600844513,
  "i18n/i18n.properties": 1723601595103
}