{
  "index.html": 1723344972511,
  "manifest.json": 1725927004137,
  "ext/controller/DnContoller.controller.js": 1723793525054,
  "Component.js": 1723344972511,
  "ext/controller/DnContoller-dbg.controller.js": 1723793525054,
  "ext/controller/DnContoller.controller.js.map": 1725927004288,
  "Component-dbg.js": 1723344972511,
  "Component.js.map": 1725927004271,
  "Component-preload.js": 1725927004492,
  "Component-preload.js.map": 1725927004492,
  "ext/fragment/RenderTemplate.fragment.xml": 1723717704360,
  "ext/fragment/PrintPreview.fragment.xml": 1723723349334,
  "i18n/i18n.properties": 1723715000221
}