<core:FragmentDefinition xmlns:core="sap.ui.core" xmlns="sap.m" xmlns:macros="sap.fe.macros"  >
	<HBox id="hbox1">
						<Select id="templateId" 
					forceSelection="false"
					selectedKey="{}"
					items="{
						path: '',
						sorter: { path: 'value' }
					}" >
					<core:Item id="item1" key="{value}" text="{value}" />
				</Select>
	</HBox>
		<HBox id="hbox2">
						<Select id="printQId"
					forceSelection="false"
					selectedKey="{/qname}"
					items="{
						path: '',
						sorter: { path: 'qname' }
					}">
					<core:Item id="item2" key="{qname}" text="{qdescription}" />
				</Select>
	</HBox>
</core:FragmentDefinition>